Playtime Activities,Everyday Objects,Interactions,Winter Scene
0.16430829606002523,0.4847566121576058,0.20375923497014647,0.14717585681222248
0.022820712544158104,0.023600685460085025,0.022817837430578414,0.9307607645651784
0.20125970124393575,0.20404645879290007,0.23342324580930615,0.36127059415385804
