Home Environment,Storytelling,Eating Habits,Playtime Activities
0.717813023367744,0.0365229109029219,0.06583346502589842,0.17983060070343565
0.0044641967476352715,0.986771992302826,0.0044053472524535385,0.004358463697085156
0.3741540614857608,0.3325070277932703,0.21299306038011603,0.08034585034085286
