id,x,y,gender
45G,-0.9940725991911251,0.9940858230681956,female
